url,label
http://www.google.com,0
http://www.facebook.com,0
http://www.youtube.com,0
http://www.amazon.com,0
http://www.wikipedia.org,0
http://www.twitter.com,0
http://www.instagram.com,0
http://www.linkedin.com,0
http://www.reddit.com,0
http://www.netflix.com,0
http://www.microsoft.com,0
http://www.apple.com,0
http://www.github.com,0
http://www.stackoverflow.com,0
http://www.medium.com,0
http://www.bbc.com,0
http://www.cnn.com,0
http://www.nytimes.com,0
http://www.washingtonpost.com,0
http://www.theguardian.com,0
http://www.ebay.com,0
http://www.walmart.com,0
http://www.target.com,0
http://www.bestbuy.com,0
http://www.homedepot.com,0
http://www.spotify.com,0
http://www.dropbox.com,0
http://www.slack.com,0
http://www.zoom.us,0
http://www.adobe.com,0
http://www.salesforce.com,0
http://www.oracle.com,0
http://www.ibm.com,0
http://www.intel.com,0
http://www.nvidia.com,0
http://www.paypal.com,0
http://www.stripe.com,0
http://www.shopify.com,0
http://www.squarespace.com,0
http://www.wordpress.com,0
http://www.blogger.com,0
http://www.tumblr.com,0
http://www.pinterest.com,0
http://www.tiktok.com,0
http://www.snapchat.com,0
http://www.whatsapp.com,0
http://www.telegram.org,0
http://www.discord.com,0
http://www.twitch.tv,0
http://www.hulu.com,0
http://www.airbnb.com,0
http://www.booking.com,0
http://www.expedia.com,0
http://www.tripadvisor.com,0
http://www.yelp.com,0
http://www.uber.com,0
http://www.lyft.com,0
http://www.doordash.com,0
http://www.grubhub.com,0
http://www.instacart.com,0
http://www.etsy.com,0
http://www.wayfair.com,0
http://www.ikea.com,0
http://www.costco.com,0
http://www.samsclub.com,0
http://www.kroger.com,0
http://www.wholefoodsmarket.com,0
http://www.traderjoes.com,0
http://www.safeway.com,0
http://www.albertsons.com,0
http://www.cvs.com,0
http://www.walgreens.com,0
http://www.riteaid.com,0
http://www.webmd.com,0
http://www.mayoclinic.org,0
http://www.healthline.com,0
http://www.nih.gov,0
http://www.cdc.gov,0
http://www.who.int,0
http://www.weather.com,0
http://www.accuweather.com,0
http://www.wunderground.com,0
http://www.espn.com,0
http://www.nba.com,0
http://www.nfl.com,0
http://www.mlb.com,0
http://www.nhl.com,0
http://www.fifa.com,0
http://www.olympics.com,0
http://www.coursera.org,0
http://www.udemy.com,0
http://www.edx.org,0
http://www.khanacademy.org,0
http://www.duolingo.com,0
http://www.quizlet.com,0
http://www.chegg.com,0
http://www.grammarly.com,0
http://www.canva.com,0
http://www.figma.com,0
http://www.notion.so,0
http://malware-download.com/virus.exe,1
http://phishing-site.net/login.php?user=admin,1
http://free-money-now.xyz/claim,1
http://hack-facebook.ru/steal,1
http://download-crack.info/keygen,1
http://win-prize-lottery.com/winner,1
http://bank-secure-login.tk/verify,1
http://paypal-update.ml/account,1
http://amazon-gift-free.ga/redeem,1
http://netflix-free-premium.cf/activate,1
http://crypto-double-money.xyz/invest,1
http://free-iphone-giveaway.tk/claim,1
http://password-reset-urgent.ml/reset,1
http://account-suspended-verify.ga/login,1
http://security-alert-action.cf/update,1
http://malicious-script.ru/inject.js,1
http://trojan-download.net/setup.exe,1
http://ransomware-attack.xyz/encrypt,1
http://keylogger-install.tk/capture,1
http://botnet-control.ml/command,1
http://fake-bank-login.xyz/secure,1
http://steal-credentials.ru/form,1
http://virus-payload.net/download,1
http://spyware-install.tk/hidden,1
http://adware-bundle.ml/free,1
http://rootkit-deploy.ga/system,1
http://worm-spread.cf/network,1
http://exploit-kit.xyz/browser,1
http://drive-by-download.ru/auto,1
http://clickjacking-attack.net/trap,1
http://fake-antivirus.tk/scan,1
http://scareware-popup.ml/warning,1
http://tech-support-scam.ga/call,1
http://lottery-winner-claim.cf/prize,1
http://inheritance-money.xyz/claim,1
http://nigerian-prince.ru/transfer,1
http://romance-scam.net/love,1
http://job-offer-fake.tk/apply,1
http://investment-fraud.ml/profit,1
http://pyramid-scheme.ga/join,1
http://fake-charity.cf/donate,1
http://counterfeit-goods.xyz/shop,1
http://illegal-streaming.ru/watch,1
http://pirated-software.net/crack,1
http://stolen-data-sale.tk/buy,1
http://identity-theft.ml/info,1
http://credit-card-fraud.ga/steal,1
http://phishing-email.cf/click,1
http://sms-scam.xyz/reply,1
http://voice-phishing.ru/call,1
http://fake-login-page.xyz/signin,1
http://credential-harvester.ru/form,1
http://malware-dropper.net/payload,1
http://backdoor-access.tk/remote,1
http://data-exfiltration.ml/upload,1
http://command-control.ga/c2,1
http://zero-day-exploit.cf/attack,1
http://sql-injection.xyz/database,1
http://xss-attack.ru/script,1
http://csrf-exploit.net/token,1
http://session-hijack.tk/cookie,1
http://man-in-middle.ml/intercept,1
http://dns-spoofing.ga/redirect,1
http://arp-poisoning.cf/network,1
http://ddos-attack.xyz/flood,1
http://brute-force.ru/password,1
http://dictionary-attack.net/crack,1
http://rainbow-table.tk/hash,1
http://social-engineering.ml/trick,1
http://pretexting-scam.ga/story,1
http://baiting-attack.cf/usb,1
http://quid-pro-quo.xyz/offer,1
http://tailgating-access.ru/door,1
http://dumpster-diving.net/trash,1
http://shoulder-surfing.tk/watch,1
http://evil-twin-wifi.ml/connect,1
http://rogue-access-point.ga/network,1
http://packet-sniffing.cf/capture,1
http://port-scanning.xyz/probe,1
http://vulnerability-scan.ru/detect,1
